[
    {
      "name": "Action Sheet",
      "icon": "alert-circle-outline",
      "redirectTo": "/action-sheet"
    },
    {
      "name": "Alert",
      "icon": "happy-outline",
      "redirectTo": "/alert"
    },
    {
      "name": "Avatar",
      "icon": "body-outline",
      "redirectTo": "/avatar"
    },
    {
      "name": "Botones",
      "icon": "cube-outline",
      "redirectTo": "/botones"
    },
    {
      "name": "Card",
      "icon": "document-text-outline",
      "redirectTo": "/card"
    },
    {
      "name": "CheckBox",
      "icon": "checkmark-outline",
      "redirectTo": "/checkbox"
    },
    {
      "name": "Date Time",
      "icon": "calendar-outline",
      "redirectTo": "/datetime"
    },
    {
      "name": "Fab",
      "icon": "ellipsis-vertical-circle-outline",
      "redirectTo": "/fab"
    },
    {
      "name": "Grid",
      "icon": "grid-outline",
      "redirectTo": "/grid"
    },
    {
      "name": "Infinite Scroll",
      "icon": "flame-outline",
      "redirectTo": "/infinite-scroll"
    },
    {
      "name": "Input",
      "icon": "cloud-upload-outline",
      "redirectTo": "/input"
    },
    {
      "name": "Sliding",
      "icon": "albums-outline",
      "redirectTo": "/sliding"
    },
    {
      "name": "Slides",
      "icon": "hammer",
      "redirectTo": "/slides"
    },
    {
      "name": "Tabs",
      "icon": "finger-print-outline",
      "redirectTo": "/tabs"
    },
    {
      "name": "Loading",
      "icon": "reload-outline",
      "redirectTo": "/loading"
    },
    {
      "name": "PopOver",
      "icon": "bug-outline",
      "redirectTo": "/popover"
    },
    {
      "name": "Reorder",
      "icon": "barcode-outline",
      "redirectTo": "/reorder"
    },
    {
      "name": "Serch",
      "icon": "compass-outline",
      "redirectTo": "/serch"
    },
    {
      "name": "Segment",
      "icon": "tv-outline",
      "redirectTo": "/segment"
    }
  ]
  
